url,title
https://detroit.craigslist.org/mcb/cto/d/clinton-township-ford-bronco-full-size/7657062508.html,Ford Bronco Full Size Super Rare 2023 Heritage Model
https://detroit.craigslist.org/wyn/cto/d/grosse-pointe-2010-mustang-shelby-cobra/7657062203.html,2010 Mustang (Shelby Cobra GT500 Plus) Sleeper
https://annarbor.craigslist.org/cto/d/ann-arbor-wheelchair-mobility-handicap/7657061643.html,Wheelchair mobility handicap van 2017 carvan
https://detroit.craigslist.org/wyn/cto/d/canton-2013-ford-taurus-sel/7657058325.html,2013 Ford Taurus SEL
https://detroit.craigslist.org/wyn/ctd/d/dearborn-2011-cadillac-cts-awd-miles/7657051815.html,2011 CADILLAC CTS 4 AWD 110000 MILES EXCELLENT
https://detroit.craigslist.org/wyn/cto/d/canton-1971-plymouth-duster-340/7657047383.html,1971 Plymouth Duster 340
https://detroit.craigslist.org/wyn/cto/d/dearborn-heights-2017-bmw-640i-gran/7657038839.html,2017 BMW 640i Gran Coupe
https://detroit.craigslist.org/okl/cto/d/howell-2016-dodge-charger-rt-scat-pack/7657033671.html,2016 Dodge Charger RT Scat Pack
https://detroit.craigslist.org/okl/cto/d/franklin-2014-stingray-corvette/7657026946.html,2014 Stingray Corvette Convertible
https://detroit.craigslist.org/okl/cto/d/franklin-2016-honda-odyssey/7657026874.html,2016 Honda Odyssey
https://detroit.craigslist.org/okl/cto/d/howell-toyota-camry/7657024173.html,Toyota Camry
https://flint.craigslist.org/cto/d/fenton-2017-subaru-outback-25i-premium/7657023283.html,2017 Subaru Outback 2.5i Premium
https://detroit.craigslist.org/wyn/cto/d/canton-2008-honda-civic-lx-143k-miles/7657021631.html,2008 Honda Civic LX 143k miles
https://detroit.craigslist.org/okl/cto/d/farmington-2003-ford-ranger/7657020991.html,2003 FORD RANGER
https://detroit.craigslist.org/wyn/cto/d/taylor-2011-kia-soul/7657018001.html,2011 Kia soul +
https://detroit.craigslist.org/wyn/cto/d/dearborn-heights-2012-jeep-liberty/7657016739.html,2012 Jeep Liberty
https://annarbor.craigslist.org/cto/d/ann-arbor-2011-hyundai-sonata/7657015056.html,2011 Hyundai Sonata
https://detroit.craigslist.org/wyn/cto/d/detroit-dodge-charger-2013/7657013745.html,Dodge charger 2013
https://detroit.craigslist.org/wyn/cto/d/detroit-ford-mustang-1994/7657011600.html,Ford Mustang 1994
https://detroit.craigslist.org/okl/cto/d/warren-2014-hyundai-santa-fe-no-rust/7657006302.html,2014 Hyundai santa fe No rust
https://detroit.craigslist.org/wyn/cto/d/dearborn-heights-22-dodge-charger-scat/7657005924.html,22 Dodge Charger Scat Pack 392 Daytona
https://detroit.craigslist.org/wyn/cto/d/taylor-kia-rio-for-sale-by-owner/7657005517.html,Kia Rio for sale by owner
https://detroit.craigslist.org/okl/cto/d/south-lyon-2013-chevrolet-traverse-ls/7657002406.html,2013 Chevrolet Traverse LS AWD
https://detroit.craigslist.org/mcb/cto/d/sterling-heights-chevy-corvette/7657001237.html,Chevy Corvette
https://detroit.craigslist.org/okl/cto/d/farmington-2017-nissan-pathfinder/7656998624.html,2017 Nissan Pathfinder
https://detroit.craigslist.org/wyn/ctd/d/garden-city-2012-ford-escaoe-limited/7656998023.html,2012 Ford escaoe limited
https://detroit.craigslist.org/wyn/ctd/d/garden-city-2016-jeep-renegade-4wd/7656995952.html,2016 Jeep Renegade 4wd
https://detroit.craigslist.org/wyn/ctd/d/livonia-2013-lincoln-mkz/7656993914.html,2013 Lincoln MKZ
https://detroit.craigslist.org/wyn/ctd/d/livonia-2011-ford-flex/7656993640.html,2011 Ford flex
https://detroit.craigslist.org/wyn/ctd/d/garden-city-2019-chevrolet-cruze-lt/7656992495.html,2019 chevrolet cruze LT
https://detroit.craigslist.org/wyn/ctd/d/livonia-2017-ford-fusion-se-awd/7656991761.html,2017 ford fusion se awd
https://detroit.craigslist.org/wyn/ctd/d/livonia-2015-chevrolet-equinox-ls/7656990214.html,2015 Chevrolet equinox LS
https://detroit.craigslist.org/wyn/ctd/d/livonia-2015-ford-fusion-se/7656989606.html,2015 Ford fusion se
https://detroit.craigslist.org/wyn/ctd/d/livonia-2013-chrysler-200/7656989231.html,2013 chrysler 200
https://detroit.craigslist.org/wyn/ctd/d/garden-city-2019-ford-fusion/7656988814.html,2019 Ford fusion
https://detroit.craigslist.org/mcb/cto/d/saint-clair-shores-2014-buick-enclave/7656988134.html,2014 Buick Enclave
https://detroit.craigslist.org/wyn/ctd/d/garden-city-2018-jeep-compass-limited/7656987701.html,2018 Jeep compass limited
https://detroit.craigslist.org/wyn/ctd/d/highland-park-2014-dodge-durango-sxt/7656986826.html,2014 Dodge Durango SXT 4dr SUV EVERY ONE GET APPROVED 0 DOWN
https://detroit.craigslist.org/wyn/ctd/d/livonia-2011-dodge-durango-awd/7656983205.html,2011 Dodge Durango Awd
https://detroit.craigslist.org/wyn/ctd/d/livonia-2018-jeep-cherokeee-limited/7656982116.html,2018 Jeep Cherokeee Limited
https://detroit.craigslist.org/wyn/ctd/d/livonia-2013-ford-focus/7656981568.html,2013 ford focus
https://detroit.craigslist.org/wyn/cto/d/grosse-pointe-2006-porsche-cayenne/7656979702.html,2006 Porsche Cayenne
https://detroit.craigslist.org/wyn/ctd/d/garden-city-2012-ford-focus-sel/7656979694.html,2012 ford focus sel
https://detroit.craigslist.org/wyn/ctd/d/livonia-2018-ford-escape/7656977424.html,2018 Ford escape
https://detroit.craigslist.org/okl/cto/d/white-lake-2007-rust-free-duramax/7656976109.html,2007 rust free duramax dually 4x4 diesel
https://detroit.craigslist.org/okl/cto/d/southfield-2007-saturn-outlook/7656974347.html,2007 Saturn Outlook
https://detroit.craigslist.org/wyn/ctd/d/garden-city-2020-ford-fusion/7656973829.html,2020 Ford fusion
https://detroit.craigslist.org/wyn/ctd/d/highland-park-2018-jeep-renegade-sport/7656973220.html,2018 Jeep Renegade Sport 4x4 4dr SUV EVERY ONE GET APPROVED 0 DOWN
https://detroit.craigslist.org/wyn/ctd/d/garden-city-2016-buick-lacrosse/7656973033.html,2016 Buick lacrosse
https://detroit.craigslist.org/wyn/ctd/d/garden-city-2020-ford-fusion/7656972043.html,2020 Ford fusion
https://detroit.craigslist.org/wyn/ctd/d/garden-city-2017-honda-accord/7656971316.html,2017 Honda accord
https://detroit.craigslist.org/okl/cto/d/canton-2018-bmw-330i-drive/7656969524.html,2018 BMW 330i X Drive
https://detroit.craigslist.org/okl/cto/d/oxford-2009-chevrolet-silverado-1500/7656968814.html,2009 Chevrolet Silverado 1500 Extended Cab LTZ 5 3/4 ft
https://detroit.craigslist.org/okl/cto/d/redford-2009-nissan-altima/7656968748.html,2009 NISSAN ALTIMA
https://monroemi.craigslist.org/ctd/d/highland-park-2016-buick-envision/7656968304.html,2016 Buick Envision Premium I AWD 4dr Crossover EVERY ONE GET APPROVED 0 DOWN
https://detroit.craigslist.org/wyn/ctd/d/livonia-2021-chevrolet-trax-lt/7656968270.html,2021 Chevrolet Trax Lt
https://detroit.craigslist.org/wyn/cto/d/dearborn-heights-2007-pontiac-grad-prix/7656966161.html,2007 Pontiac grad prix
https://detroit.craigslist.org/okl/ctd/d/detroit-2006-jeep-commander-xh-high/7656965963.html,2006 Jeep Commander XH H (High Line) Base - BEST CASH PRICES AROUND!
https://detroit.craigslist.org/okl/ctd/d/detroit-2010-saturn-outlook-2-ton-xr/7656965937.html,2010 Saturn Outlook 1/2 ton XR-L - BEST CASH PRICES AROUND!
https://detroit.craigslist.org/okl/ctd/d/detroit-2008-chrysler-town-and-country/7656965920.html,2008 Chrysler Town and Country Limited - BEST CASH PRICES AROUND!
https://detroit.craigslist.org/okl/ctd/d/detroit-2005-volvo-xc90-best-cash/7656965891.html,2005 Volvo XC90 - BEST CASH PRICES AROUND!
https://detroit.craigslist.org/okl/ctd/d/detroit-2005-chevrolet-chevy-avalanche/7656965843.html,2005 Chevrolet Chevy Avalanche 1500 1/2 Ton - BEST CASH PRICES AROUND!
https://detroit.craigslist.org/okl/ctd/d/detroit-2007-jeep-commander-xh-high/7656965816.html,2007 Jeep Commander XH H (High Line) Base - BEST CASH PRICES AROUND!
https://detroit.craigslist.org/okl/ctd/d/detroit-2008-saab-7x-42i-best-cash/7656965783.html,2008 SAAB 9-7X 4.2I - BEST CASH PRICES AROUND!
https://detroit.craigslist.org/okl/ctd/d/detroit-2011-gmc-yukon-xl-2-ton-denali/7656965763.html,2011 GMC Yukon XL 1/2 ton Denali - BEST CASH PRICES AROUND!
https://detroit.craigslist.org/okl/ctd/d/detroit-2008-mercedes-benz-class-r350/7656965740.html,2008 Mercedes-Benz R-Class R350 4 MATIC - BEST CASH PRICES AROUND!
https://detroit.craigslist.org/okl/ctd/d/detroit-2006-hummer-h2-4-ton-best-cash/7656965711.html,2006 Hummer H2 3/4 Ton - BEST CASH PRICES AROUND!
https://detroit.craigslist.org/okl/ctd/d/detroit-2014-lincoln-mkz-awd-best-cash/7656965685.html,2014 Lincoln MKZ AWD - BEST CASH PRICES AROUND!
https://detroit.craigslist.org/okl/ctd/d/detroit-2009-chevrolet-chevy-traverse-2/7656965659.html,2009 Chevrolet Chevy Traverse 1/2 Ton LS - BEST CASH PRICES AROUND!
https://detroit.craigslist.org/okl/ctd/d/detroit-2010-gmc-terrain-sle-best-cash/7656965627.html,2010 GMC Terrain SLE 1 - BEST CASH PRICES AROUND!
https://detroit.craigslist.org/okl/ctd/d/detroit-2010-chevrolet-chevy-traverse-2/7656965597.html,2010 Chevrolet Chevy Traverse 1/2 Ton LS - BEST CASH PRICES AROUND!
https://detroit.craigslist.org/okl/ctd/d/detroit-2008-chevrolet-chevy-malibu-lt/7656965581.html,2008 Chevrolet Chevy Malibu LT (2LT) - BEST CASH PRICES AROUND!
https://detroit.craigslist.org/okl/ctd/d/detroit-2006-chrysler-pacifica-cs/7656965548.html,2006 Chrysler Pacifica CS Hatchback Body Style Touring - BEST CASH PRICES AROUND
https://detroit.craigslist.org/wyn/ctd/d/garden-city-2021-chrysler-voyage-lxi/7656965282.html,2021 Chrysler Voyage LXi
https://thumb.craigslist.org/cto/d/imlay-city-2019-chevy-traverse-4x4/7656962319.html,2019 Chevy Traverse 4X4
https://detroit.craigslist.org/okl/cto/d/rochester-2017-chevrolet-volt-lt/7656961989.html,2017 Chevrolet Volt LT Hatchback 4D
https://detroit.craigslist.org/mcb/cto/d/utica-2015-chevrolet-trailblazer/7656958726.html,2015 Chevrolet Trailblazer
https://detroit.craigslist.org/wyn/ctd/d/highland-park-2018-gmc-acadia-slt-4x4/7656957207.html,2018 GMC Acadia SLT 1 4x4 4dr SUV EVERY ONE GET APPROVED 0 DOWN
https://flint.craigslist.org/cto/d/fenton-2007-ford-fusion/7656953615.html,2007 Ford Fusion
https://detroit.craigslist.org/okl/cto/d/southfield-2012-gmc-terrain-sle-awd/7656952440.html,2012 GMC Terrain SLE AWD
https://toledo.craigslist.org/ctd/d/highland-park-2015-gmc-terrain-sle-awd/7656952383.html,2015 GMC Terrain SLE 1 AWD 4dr SUV EVERY ONE GET APPROVED 0 DOWN
https://detroit.craigslist.org/okl/cto/d/rochester-pontiac-g6-gxp-2009/7656948105.html,"Pontiac, G6, GXP, 2009"
https://detroit.craigslist.org/okl/cto/d/south-lyon-2003-saturn-vue/7656945762.html,2003 Saturn Vue
https://flint.craigslist.org/ctd/d/redford-2019-audi-q7-premium-plus-for/7656932733.html,2019 Audi Q7 PREMIUM PLUS FOR ONLY
https://grandrapids.craigslist.org/ctd/d/redford-2008-hummer-h2-luxury-for-only/7656932651.html,2008 Hummer H2 LUXURY FOR ONLY
https://annarbor.craigslist.org/ctd/d/redford-2019-jeep-compass-latitude-for/7656932548.html,2019 Jeep COMPASS LATITUDE FOR ONLY
https://detroit.craigslist.org/wyn/cto/d/westland-jeep-grand-cherokee-2018-laredo/7656927239.html,Jeep Grand Cherokee 2018 Laredo
https://detroit.craigslist.org/mcb/cto/d/warren-2006-jeep-commander/7656925059.html,2006 jeep Commander
https://detroit.craigslist.org/wyn/cto/d/warren-1981-elcamino-mint/7656921206.html,1981 Elcamino *Mint*
https://annarbor.craigslist.org/cto/d/howell-68-firebird-convertible/7656920403.html,68 firebird convertible
https://toledo.craigslist.org/cto/d/temperance-toyota-tacoma-trd-offroad/7656918072.html,Toyota Tacoma TRD Offroad 2020
https://detroit.craigslist.org/wyn/ctd/d/dearborn-2018-maserati-quattroporte-q4/7656913704.html,*****2018 MASERATI QUATTROPORTE S Q4 MINT CONDITION LOW MILEAGE*****
https://detroit.craigslist.org/wyn/ctd/d/dearborn-2019-chevrolet-equinox-lt-mint/7656913101.html,*****2019 CHEVROLET EQUINOX LT MINT CONDITION LOW MILEAGE*****
https://detroit.craigslist.org/okl/cto/d/south-lyon-2016-lincoln-mkx/7656908588.html,2016 Lincoln MKX
https://detroit.craigslist.org/wyn/ctd/d/highland-park-2017-dodge-grand-caravan/7656902895.html,2017 Dodge Grand Caravan SXT 4dr Mini Van EVERY ONE GET APPROVED 0 DOWN
https://detroit.craigslist.org/okl/cto/d/royal-oak-2013-hyundai-veloster/7656902487.html,2013 Hyundai Veloster
https://flint.craigslist.org/ctd/d/redford-2020-chevrolet-trax-ls-for-only/7656900030.html,2020 Chevrolet TRAX LS FOR ONLY
https://grandrapids.craigslist.org/ctd/d/redford-2018-genesis-g80-awd-for-only/7656899922.html,2018 GENESIS G80 AWD FOR ONLY
https://annarbor.craigslist.org/ctd/d/redford-2015-ford-150-xlt-for-only/7656899789.html,2015 Ford F-150 XLT FOR ONLY
https://detroit.craigslist.org/wyn/ctd/d/highland-park-2017-chevrolet-chevy/7656884306.html,2017 Chevrolet Chevy Impala LT 4dr Sedan EVERY ONE GET APPROVED 0 DOWN
https://toledo.craigslist.org/ctd/d/highland-park-2020-chevrolet-chevy/7656882498.html,2020 Chevrolet Chevy Malibu LT 4dr Sedan EVERY ONE GET APPROVED 0 DOWN
https://detroit.craigslist.org/mcb/cto/d/sterling-heights-honda-crv-2005/7656880335.html,HONDA CRV 2005
https://detroit.craigslist.org/okl/cto/d/south-lyon-2016-chevy-trax/7656871585.html,2016 Chevy Trax
https://detroit.craigslist.org/wyn/cto/d/belleville-2018-ford-escape-se/7656871179.html,2018 Ford Escape SE
https://flint.craigslist.org/ctd/d/redford-2019-gmc-terrain-sle-for-only/7656866345.html,2019 GMC TERRAIN SLE FOR ONLY
https://grandrapids.craigslist.org/ctd/d/redford-2016-lincoln-mkx-reserve-for/7656866299.html,2016 Lincoln MKX RESERVE FOR ONLY
https://annarbor.craigslist.org/ctd/d/redford-2018-mercedes-benz-gla250-for/7656866176.html,2018 MERCEDES BENZ GLA250  FOR ONLY
https://detroit.craigslist.org/wyn/ctd/d/highland-park-2018-chevrolet-chevy/7656866086.html,2018 Chevrolet Chevy Equinox LS 4dr SUV w/1LS EVERY ONE GET APPROVED 0 DOWN
https://annarbor.craigslist.org/cto/d/ann-arbor-mobile-box-truck/7656865325.html,Mobile Box Truck
https://detroit.craigslist.org/wyn/cto/d/dearborn-heights-2011-lexus-rx-350/7656862769.html,2011 Lexus RX 350
https://detroit.craigslist.org/okl/cto/d/berkley-1984-vw-rabbit-convertible/7656861183.html,1984 VW Rabbit Convertible
https://detroit.craigslist.org/wyn/cto/d/westland-2008-bmw-750li/7656861035.html,2008 BMW 750LI
https://detroit.craigslist.org/okl/cto/d/waterford-2002-ford-mustang-gt/7656857981.html,2002 Ford Mustang GT
https://windsor.craigslist.org/cto/d/windsor-very-good-condition-one-owner/7656070603.html,Very good condition One Owner`! 2007 Toyota RAV4 Sport AWD Wheelsss/Fa
https://annarbor.craigslist.org/cto/d/whitmore-lake-2014-chevy-malibu/7656856642.html,2014 chevy Malibu
https://detroit.craigslist.org/okl/cto/d/troy-2006-toyota-highlander-hybrid/7656852370.html,2006 Toyota Highlander Hybrid Limited SUV
https://monroemi.craigslist.org/ctd/d/highland-park-2017-jeep-grand-cherokee/7656851822.html,2017 Jeep Grand Cherokee Altitude 4x4 4dr SUV EVERY ONE GET APPROVED 0 DOWN
https://detroit.craigslist.org/wyn/cto/d/hazel-park-2008-mercedes-benz-e350/7656851251.html,2008 Mercedes Benz E350 4matic
https://detroit.craigslist.org/wyn/cto/d/dearborn-heights-2012-lincoln-mkz/7656851042.html,2012 Lincoln MKZ
https://detroit.craigslist.org/wyn/cto/d/taylor-2010-chevy-impala-ltz/7656850207.html,2010 Chevy impala LTZ
https://detroit.craigslist.org/wyn/cto/d/taylor-2011-ford-fusion-low-miles/7656849106.html,2011 ford fusion Low miles
https://detroit.craigslist.org/okl/cto/d/west-bloomfield-2008-mercedes-s550/7656844314.html,2008 Mercedes S550 4Matic
https://detroit.craigslist.org/wyn/cto/d/livonia-2017-dodge-charger-hemi-awd/7656840790.html,2017 Dodge Charger Hemi AWD
https://detroit.craigslist.org/okl/ctd/d/detroit-2005-bmw-330-ci-convertible/7656838003.html,2005 BMW 330 ci convertible
https://flint.craigslist.org/ctd/d/redford-2019-jeep-cherokee-trailhawk/7656836283.html,2019 Jeep CHEROKEE TRAILHAWK FOR ONLY
https://grandrapids.craigslist.org/ctd/d/redford-2019-subaru-legacy-premium-for/7656836217.html,2019 Subaru LEGACY PREMIUM FOR ONLY
https://annarbor.craigslist.org/ctd/d/redford-2016-bmw-750i-xdrive-msport-pkg/7656836152.html,2016 BMW 750I XDRIVE MSPORT PKG FOR ONLY
https://detroit.craigslist.org/wyn/cto/d/detroit-2010-bmw-x5-48i/7656835718.html,2010 BMW  x5 48i
https://detroit.craigslist.org/wyn/cto/d/garden-city-2011ford-escape/7656833685.html,2011Ford Escape
https://detroit.craigslist.org/wyn/ctd/d/highland-park-2019-chevrolet-chevy/7656832559.html,2019 Chevrolet Chevy Cruze LT 4dr Sedan EVERY ONE GET APPROVED 0 DOWN
https://annarbor.craigslist.org/cto/d/ann-arbor-2008-pontiac-vibe/7656826630.html,2008 Pontiac Vibe
https://detroit.craigslist.org/mcb/cto/d/utica-2004-monte-carlo-ss-charged/7656825910.html,2004 Monte Carlo SS S/Charged
https://annarbor.craigslist.org/cto/d/milan-2007-international-ft-box-truck/7656823661.html,2007 International 4300 26ft box truck
https://detroit.craigslist.org/wyn/cto/d/westland-2007-ford-fusion-sel/7656820423.html,2007 Ford Fusion SEL
https://detroit.craigslist.org/okl/cto/d/rochester-2006-wrangler/7656816059.html,2006 Wrangler
https://detroit.craigslist.org/wyn/cto/d/westland-2010-ford-fusion-90kmiles/7656815384.html,2010 ford fusion 90k.miles
https://detroit.craigslist.org/mcb/ctd/d/monroe-2022-ford-explorer-xlt/7656814938.html,2022 Ford Explorer XLT
https://monroemi.craigslist.org/ctd/d/monroe-2021-ford-explorer-xlt/7656814678.html,2021 Ford Explorer XLT
https://detroit.craigslist.org/wyn/ctd/d/canton-2010-subaru-forester-25x-premium/7656813895.html,2010 Subaru Forester 2.5X Premium
https://detroit.craigslist.org/wyn/ctd/d/detroit-2008-chrysler-town-and-country/7656813838.html,2008 Chrysler Town and Country Touring (1000s in maintenance)
https://detroit.craigslist.org/wyn/cto/d/garden-city-2008-mercury-mariner/7656812702.html,2008 Mercury Mariner
https://detroit.craigslist.org/wyn/cto/d/belleville-2012-buick-enclave/7656812530.html,2012 Buick enclave
https://detroit.craigslist.org/okl/cto/d/madison-heights-1994-pontiac-firehawk/7656812516.html,1994 Pontiac Firehawk
https://flint.craigslist.org/ctd/d/redford-2020-chevrolet-equinox-lt-for/7656810992.html,2020 Chevrolet EQUINOX LT FOR ONLY
https://grandrapids.craigslist.org/ctd/d/redford-2019-chevrolet-equinox-lt-for/7656810975.html,2019 Chevrolet EQUINOX LT FOR ONLY
https://annarbor.craigslist.org/ctd/d/redford-2018-ford-150-xlt-sport-for-only/7656810925.html,2018 Ford F-150 XLT SPORT FOR ONLY
https://annarbor.craigslist.org/cto/d/ann-arbor-nissan-suv-cube-only-miles/7656810089.html,"Nissan SUV Cube Only 76,000 miles Florida car 30 miles per gallon"
https://detroit.craigslist.org/wyn/cto/d/novi-2017-suburban-lt-4wd/7656807759.html,2017 Suburban LT 4WD
https://detroit.craigslist.org/mcb/ctd/d/warren-very-rare-1998-jeep-cherokee/7656806535.html,VERY RARE 1998 jeep cherokee Sport 4X4 Manual Trans 76000 miles
https://detroit.craigslist.org/okl/cto/d/madison-heights-1991-corvette/7656801875.html,1991 Corvette
https://grandrapids.craigslist.org/cto/d/ann-arbor-2014-ford-escape-low-miles/7656800799.html,2014 Ford Escape Low miles Great shape 4X4 Clean 32 miles per gallon
https://detroit.craigslist.org/wyn/cto/d/detroit-06-chevy-trailblazer-lt-suv-4x4/7656800612.html,06 Chevy Trailblazer LT SUV 4X4 3rd Row-Seats 7
https://detroit.craigslist.org/mcb/cto/d/warren-2006-gmc-envoy-sle-sport-utility/7656799239.html,2006 GMC envoy SLE Sport Utility $4399
https://detroit.craigslist.org/okl/cto/d/detroit-volvo-vnl-780/7656792926.html,Volvo VNL 780
https://toledo.craigslist.org/cto/d/canton-2004-toyota-camry/7656790631.html,2004 Toyota Camry
https://detroit.craigslist.org/okl/cto/d/dearborn-heights-2018-lincoln-mkz-awd/7656785633.html,2018 Lincoln MKZ AWD
https://detroit.craigslist.org/mcb/cto/d/sterling-heights-2009-dodge-avenger/7656784848.html,2009 Dodge Avenger
https://detroit.craigslist.org/mcb/cto/d/sterling-heights-2012-chevy-traverse-lt/7656783427.html,2012 Chevy traverse lt
https://detroit.craigslist.org/okl/cto/d/south-lyon-2004-chrysler-sebring-conv/7656782629.html,2004 Chrysler Sebring Conv
https://detroit.craigslist.org/wyn/cto/d/riverview-ford-fusion-sel/7656769116.html,Ford fusion sel
https://detroit.craigslist.org/wyn/cto/d/westland-2004-pacifica-atlantica/7656761956.html,2004 PACIFICA-ATLANTICA
https://detroit.craigslist.org/wyn/cto/d/canton-2010-toyota-rav4-in-great/7656756883.html,2010 Toyota Rav4 in great condition
https://detroit.craigslist.org/wyn/cto/d/dearborn-2009-jeep-liberty-sport-4x4/7656748482.html,2009 jeep liberty sport 4x4 with 84k miles moon roof
https://detroit.craigslist.org/wyn/cto/d/dearborn-2006-ford-fusion-sel-low-miles/7656748169.html,2006 ford fusion sel low miles with 10k miles like new fully loaded
https://detroit.craigslist.org/okl/cto/d/birmingham-2016-bmw-428-gran-coupe/7656747174.html,2016 BMW 428 Gran Coupe i xDrive
https://detroit.craigslist.org/mcb/cto/d/utica-1984-camaro-z28-l69-5spd-rwd/7656740416.html,1984 Camaro Z28 L69 5spd RWD
https://annarbor.craigslist.org/cto/d/canton-2017-gmc-sierra-double-cab-sle/7656739552.html,"2017 GMC Sierra, Double Cab SLE"
https://annarbor.craigslist.org/cto/d/ypsilanti-2006-mustang-convertible/7656739515.html,2006 Mustang Convertible
https://detroit.craigslist.org/wyn/cto/d/detroit-2008-dodge-charger/7656737729.html,2008 dodge charger
https://detroit.craigslist.org/mcb/cto/d/troy-infinity-fx35/7656735711.html,Infinity FX35
https://annarbor.craigslist.org/cto/d/ann-arbor-2011-audi-a4-newer-engine/7656730015.html,2011 Audi A4 - newer engine + turbo
https://detroit.craigslist.org/wyn/cto/d/redford-range-rover/7656726123.html,range rover
https://detroit.craigslist.org/wyn/cto/d/detroit-2018-chevrolet-equinox/7656725535.html,2018 Chevrolet equinox
https://detroit.craigslist.org/okl/cto/d/rochester-1986-chevy-k30-m1008/7656725292.html,1986 Chevy K30 M1008
https://detroit.craigslist.org/wyn/cto/d/trenton-infinti-g35/7656724778.html,Infinti G35
https://detroit.craigslist.org/mcb/cto/d/sterling-heights-honda-accord-exl-2007/7656722178.html,HONDA ACCORD EXL 2007
https://detroit.craigslist.org/okl/cto/d/commerce-township-2012-fiat-500-sport/7656715698.html,2012 FIAT 500 SPORT
https://detroit.craigslist.org/wyn/cto/d/detroit-2010-cadillac-srx/7656712572.html,2010' Cadillac SRX
https://detroit.craigslist.org/okl/cto/d/union-lake-2010-ford-edge/7656710979.html,2010 Ford Edge
https://detroit.craigslist.org/wyn/cto/d/detroit-dodge-charger/7656710729.html,dodge charger
https://detroit.craigslist.org/mcb/cto/d/macomb-2006-ford-focus-zx4/7656701826.html,2006 Ford Focus ZX4
https://annarbor.craigslist.org/cto/d/ann-arbor-2006-saab-2x-25i/7656699807.html,2006 Saab 9-2x 2.5i
https://detroit.craigslist.org/wyn/cto/d/dearborn-heights-2015-chevrolet-tahoe/7656698271.html,2015 Chevrolet Tahoe LTZ
https://detroit.craigslist.org/wyn/ctd/d/highland-park-2018-cadillac-xt5-base/7656690000.html,2018 Cadillac XT5 Base 4dr SUV EVERY ONE GET APPROVED 0 DOWN
https://detroit.craigslist.org/wyn/cto/d/livonia-1999-chip-truck/7656682365.html,1999 F450 7.3 Chip Truck
https://detroit.craigslist.org/wyn/cto/d/livonia-1998-ford-800-chip-truck/7656681414.html,1998 Ford 800 Chip Truck
https://detroit.craigslist.org/wyn/cto/d/westland-2007-ford-edge-sel/7656679304.html,2007 Ford edge SEL
https://annarbor.craigslist.org/cto/d/west-bloomfield-toyota-corolla-matrix/7656675797.html,TOYOTA COROLLA MATRIX 2009
https://detroit.craigslist.org/wyn/ctd/d/highland-park-2014-dodge-durango-sxt/7656675184.html,2014 Dodge Durango SXT AWD 4dr SUV EVERY ONE GET APPROVED 0 DOWN
https://detroit.craigslist.org/wyn/ctd/d/redford-2022-ford-bronco-sport-big-bend/7656671812.html,2022 Ford Bronco Sport Big Bend AWD
https://monroemi.craigslist.org/ctd/d/highland-park-2017-buick-lacrosse/7656671722.html,2017 Buick LaCrosse Essence 4dr Sedan EVERY ONE GET APPROVED 0 DOWN
https://annarbor.craigslist.org/cto/d/ann-arbor-2009-toyota-camry-xle/7656671693.html,2009 Toyota Camry XLE
https://detroit.craigslist.org/wyn/cto/d/detroit-06-chevy-trailblazer-lt-suv-4x4/7656663847.html,06 Chevy Trailblazer LT SUV 4X4 3rd Row-Seats 7
https://detroit.craigslist.org/wyn/ctd/d/redford-2021-chevrolet-equinox-lt-super/7656662867.html,2021 CHEVROLET EQUINOX LT *** SUPER CLEAN*** MUST SEE *** FINANCING AV
https://detroit.craigslist.org/okl/cto/d/pontiac-2008-cadillac-sts-miles-loaded/7656660725.html,"2008 CADILLAC STS 160,400 Miles LOADED"
https://detroit.craigslist.org/wyn/ctd/d/redford-2019-gmc-terrain-slt-super/7656657568.html,2019 GMC TERRAIN SLT *** SUPER CLEAN *** MUST SEE *** FINANCING AVAILA
https://detroit.craigslist.org/wyn/ctd/d/highland-park-2017-ford-edge-se-4dr/7656657195.html,2017 Ford Edge SE 4dr Crossover EVERY ONE GET APPROVED 0 DOWN
https://detroit.craigslist.org/wyn/ctd/d/dearborn-2020-jeep-cherokee-lux-4x4/7656656609.html,2020 Jeep Cherokee LUX 4x4
https://detroit.craigslist.org/wyn/ctd/d/redford-2020-tesla-long-range-super/7656655132.html,2020 TESLA 3 LONG RANGE *** SUPER CLEAN *** MUST SEE *** FINANCING AVA
https://detroit.craigslist.org/okl/cto/d/lake-orion-f250-king-ranch-diesel-2011/7656654354.html,F250 King Ranch Diesel 2011
https://detroit.craigslist.org/wyn/ctd/d/redford-2012-ford-edge-limited-super/7656653104.html,2012 FORD EDGE LIMITED *** SUPER CLEAN *** MUST SEE *** FINANCING AVAI
https://detroit.craigslist.org/wyn/ctd/d/redford-2023-jeep-wrangler-unlimited/7656650541.html,2023 JEEP WRANGLER UNLIMITED SPORT *** SUPER CLEAN *** MUST SEE *** FI
https://detroit.craigslist.org/wyn/ctd/d/redford-2021-ram-1500-big-horn-super/7656650273.html,2021 RAM 1500 BIG HORN *** SUPER CLEAN *** MUST SEE *** FINANCING AVAI
https://detroit.craigslist.org/wyn/ctd/d/redford-2021-jeep-grand-cherokee/7656649874.html,2021 JEEP GRAND CHEROKEE LIMITED *** SUPER CLEAN *** MUST SEE *** FINA
https://detroit.craigslist.org/wyn/cto/d/dearborn-heights-street-legal-new-2022/7656648728.html,STREET LEGAL NEW 2022 RZR PRO XP SPORT only 3.5 Miles
https://detroit.craigslist.org/okl/cto/d/walled-lake-2013-honda-civic/7656648499.html,2013 Honda Civic
https://annarbor.craigslist.org/cto/d/ann-arbor-2016-subaru-crosstrek-20i/7656644503.html,2016 Subaru Crosstrek 2.0i Limited Sport
https://detroit.craigslist.org/mcb/cto/d/romeo-2017-dodge-journey-gt-awd/7656639894.html,2017 Dodge Journey GT AWD
https://detroit.craigslist.org/wyn/ctd/d/highland-park-2017-jeep-renegade/7656636466.html,2017 Jeep Renegade Latitude 4dr SUV EVERY ONE GET APPROVED 0 DOWN
https://detroit.craigslist.org/wyn/cto/d/detroit-dependable-2010-chevy-malibu/7656635245.html,"Dependable 2010 Chevy Malibu Sedan, runs and drives Great! No issues."
https://monroemi.craigslist.org/ctd/d/highland-park-2015-gmc-terrain-sle-awd/7656630660.html,2015 GMC Terrain SLE 1 AWD 4dr SUV EVERY ONE GET APPROVED 0 DOWN
https://detroit.craigslist.org/wyn/cto/d/detroit-2005-tahoe/7656630426.html,2005 Tahoe
https://detroit.craigslist.org/mcb/cto/d/sterling-heights-2007-nissan-sentra-no/7656629774.html,2007 Nissan Sentra No Rust
https://grandrapids.craigslist.org/ctd/d/redford-2021-nissan-sentra-sv-for-only/7656629009.html,2021 Nissan SENTRA SV FOR ONLY
https://annarbor.craigslist.org/ctd/d/redford-2019-chevrolet-equinox-lt-for/7656628925.html,2019 Chevrolet EQUINOX LT FOR ONLY
https://detroit.craigslist.org/wyn/cto/d/canton-2013-honda-crv-ex-awd-suv-in/7656626074.html,2013 Honda CRV EX AWD SUV in Excellent Shape!
https://annarbor.craigslist.org/cto/d/ann-arbor-volkswagen-type-squareback/7656624650.html,Volkswagen type 3 squareback
https://detroit.craigslist.org/mcb/ctd/d/highland-park-2019-gmc-acadia-sle/7656621664.html,2019 GMC Acadia SLE
https://detroit.craigslist.org/wyn/cto/d/dearborn-heights-2013-bmw-x3-drive28i/7656619867.html,2013 BMW X3 • ×Drive28i Sport Utility 4D
https://detroit.craigslist.org/wyn/cto/d/inkster-2009-ford-f150-4x4-180k-runs/7656616570.html,2009 FORD F150 4X4 180K RUNS AND DRIVES GREAT!!!!!!!!GREAT DEAL
https://detroit.craigslist.org/mcb/ctd/d/highland-park-2014-chevy-malibu-lt/7656616425.html,2014 Chevy Malibu LT
https://detroit.craigslist.org/mcb/cto/d/clinton-township-2014-nissan-versa-note/7656616221.html,2014 Nissan Versa Note
https://detroit.craigslist.org/wyn/ctd/d/highland-park-2019-ford-explorer-xlt/7656615963.html,2019 Ford Explorer XLT AWD 4dr SUV EVERY ONE GET APPROVED 0 DOWN
https://annarbor.craigslist.org/cto/d/ypsilanti-1996-bmw-z3/7656615158.html,1996 BMW Z3
https://detroit.craigslist.org/mcb/cto/d/warren-1994-sonoma-v6/7656614999.html,1994 SONOMA V6
https://detroit.craigslist.org/okl/cto/d/rochester-2004-chevrolet-corvette-z06/7656610617.html,2004 Chevrolet Corvette Z06 Z16
https://detroit.craigslist.org/wyn/cto/d/detroit-buick-lacrosse/7656609286.html,Buick Lacrosse
https://detroit.craigslist.org/mcb/cto/d/utica-2009-ford-escape-xlt-wheel-drive/7656606972.html,2009 Ford Escape XLT (4-Wheel Drive)
https://detroit.craigslist.org/wyn/cto/d/detroit-orange-title/7656604919.html,Orange title
https://detroit.craigslist.org/wyn/cto/d/harper-woods-97-chevy-astro-work-van/7656603477.html,97 chevy astro work van low miles
https://detroit.craigslist.org/okl/cto/d/southfield-2011-ford-focus-obo-trade/7656603218.html,2011 Ford Focus obo trade
https://detroit.craigslist.org/wyn/ctd/d/eastpointe-2011-ford-fiesta-se-4dr-sedan/7656602520.html,2011 Ford Fiesta SE 4dr Sedan
https://detroit.craigslist.org/wyn/ctd/d/eastpointe-2014-gmc-yukon-xl-slt-4x4/7656602291.html,2014 GMC Yukon XL SLT 4x4 4dr SUV
https://detroit.craigslist.org/wyn/ctd/d/eastpointe-2012-volvo-xc90-32-awd-4dr/7656602176.html,2012 Volvo XC90 3.2 AWD 4dr SUV
https://annarbor.craigslist.org/cto/d/howell-1978-chevy-suburban-2wd-clean/7656602133.html,1978 Chevy Suburban 2WD Clean
https://detroit.craigslist.org/wyn/ctd/d/detroit-2013-dodge-charger-rt/7656598700.html,2013 Dodge Charger RT
https://flint.craigslist.org/ctd/d/redford-2016-lincoln-mkx-reserve-awd/7656591618.html,2016 Lincoln MKX RESERVE AWD FOR ONLY
https://grandrapids.craigslist.org/ctd/d/redford-2018-audi-q3-premium-for-only/7656591556.html,2018 Audi Q3 PREMIUM FOR ONLY
https://annarbor.craigslist.org/ctd/d/redford-2015-jeep-wrangler-unlimited/7656591445.html,2015 Jeep WRANGLER UNLIMITED SAHARA FOR ONLY
https://detroit.craigslist.org/okl/cto/d/clarkston-2017-gmc-acadia-denali-loaded/7656589411.html,2017 GMC Acadia Denali LOADED
https://annarbor.craigslist.org/cto/d/ann-arbor-honda-odyssey-2011-great-van/7656585730.html,Honda Odyssey 2011 great van
https://monroemi.craigslist.org/ctd/d/highland-park-2015-chevrolet-chevy-trax/7656585511.html,2015 Chevrolet Chevy Trax LS 4dr Crossover w/1FL EVERY ONE GET APPROVED 0 DOWN
https://detroit.craigslist.org/mcb/ctd/d/utica-2020-gmc-terrain-suv-fwd-4dr-sle/7656578831.html,2020 GMC Terrain  SUV FWD 4dr SLE - GMC Summit White
https://detroit.craigslist.org/okl/ctd/d/brighton-2022-ford-escape-suv-se/7656576576.html,2022 Ford Escape  SUV SE (Carbonized Gray Metallic)
https://annarbor.craigslist.org/cto/d/brighton-2009-chevrolet-cobalt-ss/7656576515.html,2009 Chevrolet Cobalt SS Turbocharged Sedan (LNF)
https://detroit.craigslist.org/wyn/cto/d/dearborn-2004-subaru-forester-xt/7656576005.html,2004 Subaru Forester XT
https://detroit.craigslist.org/mcb/cto/d/saint-clair-shores-2016-ford-focus-se/7656574890.html,2016 Ford Focus SE
https://detroit.craigslist.org/mcb/cto/d/utica-nissan-cube/7656571886.html,Nissan cube
https://detroit.craigslist.org/wyn/cto/d/belleville-2021-lincoln-corsair/7656564378.html,2021 Lincoln Corsair
https://detroit.craigslist.org/mcb/cto/d/saint-clair-shores-2002-gmc-2500-hd/7656563899.html,2002 gmc 2500 hd truck
https://detroit.craigslist.org/wyn/ctd/d/redford-2019-lincoln-mkz-reserve/7656563452.html,2019 LINCOLN MKZ RESERVE
https://detroit.craigslist.org/wyn/cto/d/garden-city-2008-ford-escape/7656562451.html,2008 Ford Escape
https://detroit.craigslist.org/wyn/cto/d/detroit-buick-for-sale/7656555322.html,BUICK FOR SALE
https://detroit.craigslist.org/mcb/cto/d/sterling-heights-2011-ford-fusion-sel/7656554638.html,2011 Ford Fusion SEL
https://detroit.craigslist.org/mcb/ctd/d/mount-clemens-2006-mercury-mariner/7656552946.html,2006 Mercury Mariner Premier AWD *MOONROOF*
https://detroit.craigslist.org/okl/cto/d/wixom-2012-chevy-colorado/7656552842.html,2012 Chevy Colorado
https://flint.craigslist.org/ctd/d/redford-2017-cadillac-xt5-base-for-only/7656549929.html,2017 Cadillac XT5 BASE FOR ONLY
https://grandrapids.craigslist.org/ctd/d/redford-2017-nissan-versa-sv-for-only/7656549858.html,2017 Nissan VERSA SV FOR ONLY
https://annarbor.craigslist.org/ctd/d/redford-2018-ford-fusion-se-for-only/7656549784.html,2018 Ford FUSION SE FOR ONLY
https://detroit.craigslist.org/okl/ctd/d/brighton-2020-ford-expedition-suv-xlt/7656549595.html,2020 Ford Expedition  SUV XLT (Desert Gold)
https://detroit.craigslist.org/okl/ctd/d/wixom-2015-nissan-rogue/7656547196.html,2015 Nissan Rogue S
https://detroit.craigslist.org/wyn/ctd/d/2014-chevy-captiva-leather-moon-buy/7656546734.html,2014 CHEVY CAPTIVA LEATHER MOON BUY HERE PAY HERE( 2900 DOWN PAYMENT )
https://detroit.craigslist.org/okl/ctd/d/wixom-2005-jeep-grand-cherokee-limited/7656546090.html,2005 Jeep Grand Cherokee Limited
https://annarbor.craigslist.org/ctd/d/wixom-2005-jeep-grand-cherokee-limited/7656545790.html,2005 Jeep Grand Cherokee Limited
https://detroit.craigslist.org/wyn/cto/d/detroit-2009-jeep-patriot-manual-trans/7656542371.html,2009/jeep patriot manual trans
https://detroit.craigslist.org/mcb/ctd/d/mount-clemens-2019-chevrolet-express/7656541713.html,2019 Chevrolet Express Cargo Van RWD 2500 155
https://detroit.craigslist.org/mcb/ctd/d/mount-clemens-2020-ford-transit-cargo/7656541576.html,2020 Ford Transit Cargo Van T-250 130 Med Rf 9070 GVWR RWD
https://detroit.craigslist.org/wyn/cto/d/detroit-1989-mustang-convertible-gt-7500/7656539707.html,1989 mustang convertible GT 7500
https://detroit.craigslist.org/wyn/cto/d/dearborn-2013-nissan-juke-fully-loaded/7656539057.html,2013  Nissan juke fully loaded
https://monroemi.craigslist.org/ctd/d/highland-park-2018-chevrolet-chevy-trax/7656536982.html,2018 Chevrolet Chevy Trax LT 4dr Crossover EVERY ONE GET APPROVED 0 DOWN
https://detroit.craigslist.org/wyn/ctd/d/redford-2016-buick-verano-sport-touring/7656535388.html,2016 BUICK VERANO SPORT TOURING
https://detroit.craigslist.org/wyn/ctd/d/redford-2021-toyota-camry-se/7656534785.html,2021 TOYOTA CAMRY SE
https://detroit.craigslist.org/wyn/ctd/d/redford-2020-nissan-altima/7656534385.html,2020 NISSAN ALTIMA S
https://detroit.craigslist.org/mcb/ctd/d/mount-clemens-2019-ram-promaster-cargo/7656533910.html,2019 RAM ProMaster Cargo Van 2500 High Roof 159 WB
https://detroit.craigslist.org/wyn/ctd/d/detroit-2009-gmc-yukon-denali-xl/7656530239.html,2009 GMC Yukon Denali XL
https://detroit.craigslist.org/wyn/ctd/d/dearborn-clean/7656526726.html,clean
https://detroit.craigslist.org/mcb/cto/d/east-china-2007-hummer-h2-sut/7656526263.html,2007 hummer H2 SUT
https://detroit.craigslist.org/okl/ctd/d/brighton-2013-lincoln-navigator-suv/7656523990.html,2013 Lincoln Navigator  SUV Base (White Platinum Metallic Tri-Coat)
https://detroit.craigslist.org/wyn/ctd/d/dearborn-clean/7656523942.html,clean
https://detroit.craigslist.org/mcb/ctd/d/utica-2020-buick-envision-suv-fwd-4dr/7656523926.html,2020 Buick Envision  SUV FWD 4dr Essence - Buick Dark Moon
https://detroit.craigslist.org/okl/ctd/d/waterford-2008-mercury-grand-marquis-ls/7656522664.html,2008 Mercury Grand Marquis LS - sedan
https://detroit.craigslist.org/wyn/cto/d/garden-city-2008-ford-focus/7656522574.html,2008 Ford Focus
https://detroit.craigslist.org/wyn/cto/d/detroit-2016-dodge-dart-clean-runs/7656521860.html,2016 Dodge Dart clean runs great low miles
https://detroit.craigslist.org/wyn/ctd/d/dearborn-clean/7656520468.html,clean
https://detroit.craigslist.org/wyn/ctd/d/dearborn-clean/7656511455.html,clean
https://flint.craigslist.org/ctd/d/redford-2020-nissan-altima-for-only/7656511231.html,2020 Nissan ALTIMA S FOR ONLY
https://grandrapids.craigslist.org/ctd/d/redford-2019-ford-fusion-se-for-only/7656511182.html,2019 Ford FUSION SE FOR ONLY
https://annarbor.craigslist.org/ctd/d/redford-2021-chevrolet-trailblazer-lt/7656511011.html,2021 Chevrolet TRAILBLAZER LT PERFORMANCE FOR ONLY
https://detroit.craigslist.org/wyn/ctd/d/redford-2015-ford-taurus-sel/7656510514.html,2015 FORD TAURUS SEL
https://detroit.craigslist.org/wyn/ctd/d/redford-2019-nissan-rogue-sv/7656510004.html,2019 NISSAN ROGUE SV
https://detroit.craigslist.org/wyn/ctd/d/redford-2014-jeep-cherokee-trailhawk/7656509571.html,2014 JEEP CHEROKEE TRAILHAWK
https://detroit.craigslist.org/wyn/ctd/d/dearborn-clean/7656507608.html,Clean
https://flint.craigslist.org/cto/d/brighton-2006-buick-terraza-cxl-runs/7656506632.html,2006 Buick Terraza CXL runs very well
https://detroit.craigslist.org/wyn/ctd/d/2013-chevy-sonic-ltz-great-car-buy-here/7656505126.html,2013 CHEVY SONIC LTZ GREAT CAR BUY HERE PAY HERE ( 2500 DOWN PAYMENT )
https://detroit.craigslist.org/wyn/ctd/d/rockwood-2011-chevy-malibu-ls/7656504642.html,2011 CHEVY MALIBU LS
https://detroit.craigslist.org/okl/cto/d/south-lyon-2015-ford-f150-xlt-excellent/7656502799.html,2015 Ford F150 XLT - Excellent condition low miles
https://detroit.craigslist.org/wyn/cto/d/livonia-2010-ford-f150-lgt-lariat-miles/7656500859.html,"2010 FORD F150  LGT LARIAT,  103,000 miles"
https://detroit.craigslist.org/okl/ctd/d/brighton-2019-ford-f150-f150-150-150/7656498432.html,2019 Ford F150 F150 F 150 F-150 truck Platinum (Magma Red
https://detroit.craigslist.org/wyn/ctd/d/saint-clair-shores-2013-honda-fit-sport/7656497406.html,2013 Honda Fit Sport
https://detroit.craigslist.org/mcb/ctd/d/saint-clair-shores-2002-ford-150/7656496932.html,2002 Ford E-150
https://detroit.craigslist.org/wyn/cto/d/rockwood-2020-ford-edge-sel/7656494051.html,2020 FORD EDGE SEL
https://detroit.craigslist.org/mcb/cto/d/sterling-heights-2013-chevy-sonic/7656491115.html,2013 chevy sonic
https://flint.craigslist.org/cto/d/plymouth-2014-ford-150-8ft-bed-in-good/7656490388.html,2014 Ford F-150 (8ft bed) in good condition with 106k miles
https://detroit.craigslist.org/wyn/ctd/d/redford-2019-ford-explorer-xlt/7656487288.html,2019 FORD EXPLORER XLT
https://detroit.craigslist.org/wyn/cto/d/livonia-2006-ford-f250-4x-miles/7656487072.html,"2006 FORD F250 4x4 ,81000 miles AUTOMATIC"
https://detroit.craigslist.org/wyn/ctd/d/redford-2016-mercedes-benz-gle350-4matic/7656486943.html,2016 MERCEDES BENZ GLE350 4MATIC
https://detroit.craigslist.org/mcb/cto/d/fraser-2002-dodge-ram-3500-cummins-24v/7656486846.html,2002 Dodge Ram 3500 Cummins 24v 5.9L Turbo Diesel 44k Like New MustSee
https://detroit.craigslist.org/mcb/ctd/d/monroe-2021-ford-explorer-xlt/7656483688.html,2021 Ford Explorer XLT
https://monroemi.craigslist.org/ctd/d/monroe-2020-ford-150-xlt/7656483329.html,2020 Ford F-150 XLT
https://detroit.craigslist.org/wyn/ctd/d/canton-2013-dodge-grand-caravan/7656482082.html,2013 Dodge Grand Caravan American Value Package
https://detroit.craigslist.org/wyn/ctd/d/rockwood-2019-ford-mustang-gt/7656481379.html,2019 Ford Mustang GT
https://detroit.craigslist.org/wyn/ctd/d/rockwood-2020-ford-edge-sel/7656481369.html,2020 Ford Edge SEL
https://detroit.craigslist.org/wyn/ctd/d/rockwood-2020-ford-escape-sel/7656481367.html,2020 Ford Escape SEL
https://detroit.craigslist.org/wyn/ctd/d/rockwood-2020-ford-edge-sel/7656481324.html,2020 Ford Edge SEL
https://detroit.craigslist.org/wyn/ctd/d/rockwood-2020-ford-escape-sel/7656481322.html,2020 Ford Escape SEL
https://detroit.craigslist.org/wyn/ctd/d/rockwood-2017-ford-transit-connect-xlt/7656481311.html,2017 Ford Transit Connect XLT
https://detroit.craigslist.org/wyn/ctd/d/rockwood-2020-ford-fusion-se/7656481307.html,2020 Ford Fusion SE
https://detroit.craigslist.org/mcb/cto/d/utica-2010-audi-s5-cabriolet/7656480151.html,2010 Audi S5 Cabriolet
https://detroit.craigslist.org/mcb/ctd/d/mount-clemens-2003-toyota-avalon-clean/7656479318.html,"2003 Toyota Avalon-CLEAN- A/C,LEATHER- SHARP!"
https://detroit.craigslist.org/wyn/ctd/d/detroit-2016-bmw-528ixi-finance/7656479052.html,2016 BMW 528IXI FINANCE AVAILABLE
https://detroit.craigslist.org/wyn/ctd/d/detroit-2018-gmc-acadia-slt-awd-finance/7656478962.html,2018 GMC ACADIA SLT AWD FINANCE AVAILABLE
https://detroit.craigslist.org/wyn/ctd/d/detroit-2014-ford-taurus-limited-84k/7656478899.html,2014 FORD TAURUS LIMITED 84K FINANCE AVAILABLE
https://detroit.craigslist.org/wyn/ctd/d/detroit-2017-jeep-wrangler-unlimited/7656478825.html,2017 JEEP WRANGLER UNLIMITED SAHARA FINANCE AVAILABLE
https://detroit.craigslist.org/mcb/ctd/d/saint-clair-shores-2020-ford-edge-suv/7656478786.html,2020 Ford Edge  SUV Titanium - Ford Agate Black
https://porthuron.craigslist.org/ctd/d/utica-2019-buick-envision-suv-awd-4dr/7656478759.html,2019 Buick Envision  SUV AWD 4dr Essence - Buick Bronze Alloy
